patient_id,ddr_bin,ddr_bin_coverage,ddr_bin_num_variants,platinum_response,pfs_months,pfs_event,os_months,os_event,gene_ddr,stage,age,residual_tumor,ddr_bin_adj,ddr_bin_per_variant,is_resistant,MFAP4,SNAI1,EFEMP1,CDH1,VIM,MFAP4_z,SNAI1_z,EFEMP1_z,CDH1_z,VIM_z,emt_score
TCGA-04-1348,0.6198686361312866,0.1142857142857142,35,sensitive,,,48.72,1,1,IIIB,,,0.0999342080132204,0.0177105324608939,0,-1.4873,-0.164,0.7251,0.1205,-0.5197,-1.1020401701524334,-0.24365590468640272,0.9354356225739408,0.4407995215488018,-0.22173826393923193,-0.21455964755058582
TCGA-04-1364,0.1840284466743469,0.032258064516129,31,refractory,,,33.64,1,1,IIIC,,,-0.1398962020343113,0.005936401505624,1,-0.4836,0.6613,-0.6649,-1.0352,-1.7076,-0.10524790814325193,0.6091479813540478,-0.6578239490744584,-0.8858541820345416,-1.443162366742587,-0.14224641211434158
TCGA-04-1365,0.617448091506958,0.1666666666666666,30,sensitive,,,76.51,0,1,IIIB,,,0.0330488277091695,0.0205816030502319,0,-1.1657,-0.3942,-0.7168,-0.1895,-1.1783,-0.7826535093353039,-0.4815275326598811,-0.7173132812820497,0.08494363497716863,-0.898924823503412,-0.5930725563515631
TCGA-04-1514,1.1272602081298828,0.2727272727272727,22,sensitive,,,56.5,1,1,III,,,0.3952658846402428,0.0512391003695401,0,1.553,0.6508,-0.9183,0.2486,0.8397,1.9173356534866162,0.5982980591397927,-0.9482786076756845,0.5878483572579185,1.1760257947785735,0.4311065084942758
TCGA-09-0364,0.0,0.0,0,sensitive,,,29.14,1,0,II,,,-0.0103824527132251,,0,-1.7005,0.1142,0.2064,0.989,-1.7957,-1.3137728694254802,0.04381536769509898,0.3408861694703259,1.4377699650567484,-1.5337486647954328,-0.7801179924224473
TCGA-09-0366,0.4434715211391449,0.1764705882352941,34,resistant,,,57.72,1,1,IIIC,,,-0.1926550909611506,0.0130432800335042,1,-1.5848,-0.1126,-0.1073,0.0091,-0.6314,-1.1988691484785219,-0.1905429521328111,-0.018686152562841618,0.3129209868259633,-0.3365905850800137,-0.41152196501603033
TCGA-09-0367,0.0,0.0,0,refractory,,,17.97,1,0,IIIC,,,-0.0103824527132251,,1,-0.7262,-0.383,0.541,-0.2671,-1.1146,-0.3461782685730889,-0.46995428229800895,0.7244146965736025,-0.004135128887214397,-0.8334271255923306,-0.18420197020052234
TCGA-09-0369,0.5026478171348572,0.2,50,sensitive,,,35.55,1,1,IIIC,,,-0.3090514810064955,0.0100529563426971,0,1.874,0.7245,-1.0806,0.3743,-0.1535,2.2361264436678927,0.6744541798246119,-1.1343117216890193,0.7321421796516422,0.15479638245069038,0.2397846209205067
TCGA-09-1659,0.5907310247421265,0.25,16,resistant,,,9.99,1,1,IIIC,,,-0.0476478237641662,0.0369206890463829,1,-0.3066,-0.1609,-0.0453,0.4239,-0.2537,0.07053392943333976,-0.2404525943183845,0.052380101712122956,0.7890791215031033,0.05176860645869093,-0.17096981564346683
TCGA-09-1662,0.7277668118476868,0.1538461538461538,26,sensitive,,,89.26,1,1,IV,,,0.2011211861925917,0.027991031224911,0,-0.0813,-1.6055,0.5052,-0.1269,1.1418,0.2942833531960862,-1.7331952258148522,0.6833796658793487,0.15680356562034356,1.4866514547305,0.11486313647414785
TCGA-09-1666,0.6745878458023071,0.2105263157894736,19,sensitive,,,57.56,0,1,IIIC,,,0.0909597418449261,0.0355046234632793,0,-0.9174,-1.5594,0.6414,0.1679,-0.9562,-0.5360623778648648,-1.6855589006646463,0.8394961793027386,0.4952110345278193,-0.6705568689343195,-0.5095786005377823
TCGA-09-1667,0.0,0.0,0,sensitive,,,61.83,0,0,II,,,-0.0103824527132251,,0,0.4707,-0.1855,0.293,-0.6062,1.6284,0.8424843381807111,-0.26587241207749646,0.4401496794737441,-0.39339555190799114,1.9869839477215876,0.6794282210413074
TCGA-09-1668,0.0,0.0,0,sensitive,,,55.32,0,0,IIIC,,,-0.0103824527132251,,0,-0.2661,1.1759,-0.4099,0.2577,-0.1422,0.11075519735340733,1.140897502445064,-0.36553532262097516,0.5982944494121182,0.16641528333601568,0.09084764222027873
TCGA-09-1669,0.2801210880279541,0.1538461538461538,39,sensitive,,,30.49,0,1,III,,,-0.350985733173317,0.0071825920007167,0,0.0335,0.2069,-0.9464,-0.6587,0.4006,0.40829326818926537,0.13960468095809395,-0.9804876680809508,-0.45366146818221936,0.7245338143585438,0.14912111272143433
TCGA-09-1670,0.0,0.0,0,sensitive,,,17.97,0,0,III,,,-0.0103824527132251,,0,-1.1283,-1.6749,-1.0834,-0.0702,-0.6879,-0.7455109063671428,-1.8049080450214525,-1.137521165430469,0.22189075519651005,-0.39468508950664016,-0.8609031923044428
TCGA-09-1674,0.0,0.0,0,sensitive,,,8.54,0,0,IIIC,,,-0.0103824527132251,,0,-1.3314,0.2642,-0.6108,0.7239,-0.9224,-0.9472131166033335,0.19881425647017179,-0.5958129110700136,1.1334557859272645,-0.6358029884100722,-0.6226941091081024
TCGA-09-2044,0.8404243588447571,0.1666666666666666,42,sensitive,,,6.11,0,1,II,,,0.1595993760812675,0.020010103782018,0,-1.1456,1.7533,1.0812,-0.5496,-1.1522,-0.7626918430342333,1.7375398916365778,1.3436080926919227,-0.32842315455329946,-0.8720882471222624,0.35495820974506087
TCGA-09-2045,0.4877963960170746,0.2,30,resistant,,,35.12,1,1,IV,,,-0.1631933705147762,0.0162598798672358,1,-0.7836,-1.4796,-1.2722,0.954,-1.015,-0.40318322606967855,-1.6030994918363077,-1.3539293719968128,1.3975926875405962,-0.7310162823907023,-1.0977642119668194
TCGA-09-2051,0.5290862917900085,0.1333333333333333,45,sensitive,,,63.04,0,1,IIIC,,,-0.1092546179808442,0.011757473150889,0,-0.6539,-0.4496,-0.2931,-0.1528,-0.8259,-0.2743758569528202,-0.5387737889141413,-0.23165566940620322,0.12707238025839102,-0.5365796312920287,-0.34169146536471684
TCGA-09-2054,0.0,0.0,0,refractory,,,20.93,1,0,IIIC,,,-0.0103824527132251,,1,1.1185,1.4166,0.8418,-4.5619,1.2284,1.4858260013565086,1.3896190526327978,1.0692006527979467,-4.934231456783505,1.5756954208074179,2.0909145168756353
TCGA-10-0936,0.0,0.0,0,sensitive,,,36.89,1,0,IIIC,,,-0.0103824527132251,,0,-2.264,0.7514,-2.6253,0.13,-2.6471,-1.8733947082639515,0.7022506472116081,-2.9048930600525322,0.45170478258890023,-2.409176294332243,-1.3873836396052037
TCGA-13-0799,0.0,0.0,0,sensitive,,,83.28,0,0,IIIC,,,-0.0103824527132251,,0,-2.3002,-0.339,0.7348,-0.5972,-1.3651,-1.909345569960407,-0.4244879415906543,0.9465540526782498,-0.38306425197526633,-1.0909965655723293,-0.4190423544939749
TCGA-13-0800,1.3295917510986328,0.1590909090909091,44,sensitive,,,87.42,0,1,IIIC,,,0.6478300203410252,0.0302179943431507,0,-0.6166,-1.4914,-0.8728,0.23,1.0783,-0.23733256575730113,-1.6152927377532802,-0.8961251468771219,0.5664970040636206,1.4213594010828758,-0.37877761067368965
TCGA-13-0801,0.0,0.0,0,sensitive,,,45.96,1,0,IIIC,,,-0.0103824527132251,,0,-1.1807,-0.4595,-0.959,-1.0863,0.2126,-0.7975502752316254,-0.5490037155732961,-0.9949301649174758,-0.9445130072081238,0.531228206708884,-0.17314858836107785
TCGA-13-0890,0.4470765888690948,0.2040816326530612,49,sensitive,,,145.34,0,1,IIIC,,,-0.3647411718020759,0.0091240120177366,0,0.6233,2.4628,0.771,-0.1464,0.6686,0.9940341032326202,2.470684635542672,0.9880475753355679,0.13441908243277312,1.0000971273910373,1.063688871813825
TCGA-13-0893,0.5587794184684753,0.1020408163265306,49,sensitive,,,43.33,1,1,IIIC,,,-0.0491898644453623,0.0114036616013974,0,0.1406,0.6541,-0.004,-0.3269,-1.0672,0.5146561766889997,0.6017080346928444,0.09971939689851064,-0.0727808773290972,-0.7846894351530014,0.10083501009129008
TCGA-13-0897,0.8443613648414612,0.1052631578947368,38,sensitive,,,71.68,1,0,IIIC,,,0.318345003962618,0.0222200359168805,0,0.3088,-0.8167,-0.8191,-0.728,0.0395,0.6816985782730829,-0.9181077360430028,-0.8345726008357413,-0.5332124776642007,0.35324309668677717,-0.03690523685093666
TCGA-13-0899,0.9896275997161864,0.1724137931034483,29,sensitive,,,66.1,1,1,IIIC,,,0.4017826913378276,0.0341250896453857,0,0.3543,-0.2877,-1.8662,0.3373,0.0026,0.7268854348252575,-0.3714783216295794,-2.03478993714728,0.6896690577059955,0.3153017300789451,-0.41075003031573043
TCGA-13-0913,0.0,0.0,0,sensitive,,,109.23,0,0,IIIC,,,-0.0103824527132251,,0,0.3441,0.3702,1.408,-0.0121,-1.4944,0.716755634015759,0.3083468045378899,1.7181960265154457,0.28858503587332257,-1.2239455818973346,0.24615356945968753
TCGA-13-0916,0.5739629864692688,0.1458333333333333,48,sensitive,,,58.64,0,1,IIIC,,,-0.1134557915682825,0.0119575622181097,0,-2.5197,-0.4033,0.7269,-0.9002,0.0246,-2.127334910909909,-0.49093079857890215,0.9374988364077301,-0.7308846830436692,0.3379225990592244,-0.12239191819563752
TCGA-13-0920,0.5177581310272217,0.24,50,sensitive,,,48.75,1,1,IIIC,,,-0.3738497703950054,0.0103551626205444,0,-0.57,-0.956,-0.5798,-0.6959,-0.9203,-0.19105327970606276,-1.062050037418787,-0.5602797839325313,-0.49636417457081533,-0.6336437236437727,-0.3901325300260677
TCGA-13-0924,0.6235122084617615,0.1304347826086956,46,sensitive,,,85.87,0,1,IV,,,-0.0170736993909522,0.0135546132274295,0,0.204,1.1181,0.8202,-0.3421,0.0265,0.5776198405441177,1.081171263970403,1.0444420867924753,-0.0902292949932547,0.3398762195620667,0.6266677411724635
TCGA-13-1403,0.21341073513031,0.0454545454545454,44,sensitive,,,77.04,1,1,IIIC,,,-0.2413379181248129,0.0048502439802343,0,-0.3828,0.0202,-1.0016,-0.3481,-0.5152,-0.0051416413199725855,-0.0533172692706133,-1.0437595589838224,-0.09711682828173793,-0.21711126801144745,-0.24444258186082363
TCGA-13-1405,0.187002420425415,0.0434782608695652,23,sensitive,,,28.52,1,1,IV,,,-0.0950531711179487,0.0081305400184963,0,0.677,2.3664,1.2126,-0.1462,0.7263,1.0473645251414505,2.3710720163565586,1.494222702558541,0.13464866687572255,1.0594254973984063,1.1674872149158466
TCGA-13-1410,1.117260456085205,0.1836734693877551,49,sensitive,,,80.95,0,1,IV,,,0.3462123909655008,0.0228012337976572,0,-0.19,0.3853,0.0238,-0.1306,-0.1321,0.18633145633407755,0.32395002600791384,0.13158458833147862,0.15255625342577894,0.17680031864059848,0.1332220271776579
TCGA-13-1411,0.6036911606788635,0.0857142857142857,35,sensitive,,,17.44,1,1,IIIC,,,0.1408343063328503,0.0172483188765389,0,0.259,0.9488,0.5193,0.7392,0.819,0.632241315497296,0.906229184839604,0.6995415075773649,1.151018995812897,1.1547416135107653,0.44834692512242674
TCGA-13-1481,0.9813275337219238,0.2553191489361702,47,sensitive,,,86.99,1,1,IIIC,,,0.0832227671675955,0.020879309228126,0,0.7524,0.6535,0.5181,-0.3215,0.143,1.1222456017136255,0.601088039137744,0.698166031688172,-0.06658209736946229,0.45966400302581856,0.5895491545869644
TCGA-13-1497,0.8163594007492065,0.2083333333333333,48,sensitive,,,127.17,0,1,IIIC,,,0.0040834300852887,0.0170074875156084,0,-0.3743,0.5265,-0.22,-0.3078,0.3488,0.0032998593546094543,0.4698556466415157,-0.1478662631562046,-0.05085556302742561,0.6712719501231589,0.209483351198101
TCGA-13-1498,1.0433118343353271,0.2857142857142857,49,sensitive,,,66.1,1,1,IIIC,,,0.0684152914582899,0.0212920782517413,0,0.1873,-0.4223,-0.5768,-0.4773,0.4056,0.5610347745128801,-0.5105639911570781,-0.5568410942095491,-0.24542837842707663,0.729674920944971,0.09374659770366012
TCGA-13-1505,0.94224750995636,0.2093023255813953,43,sensitive,,,65.64,0,1,IIIC,,,0.1682131517665018,0.0219127327896827,0,0.8857,-0.0091,1.1132,-0.1763,0.8624,1.2546281946456013,-0.08359371887801086,1.3802874497370659,0.1000962082118317,1.1993664186809527,0.7301184271947555
TCGA-13-1506,0.4846942126750946,0.0476190476190476,21,sensitive,,,34.13,1,0,IIIC,,,0.2104374621518037,0.0230806767940521,0,-1.7319,0.6221,0.313,0.0123,-2.313,-1.344956766035113,0.5686416050874955,0.4630742776269585,0.31659433791315433,-2.065647552227183,-0.5390965546921992
TCGA-13-1507,1.2767997980117798,0.217391304347826,46,sensitive,,,65.47,1,1,IIIC,,,0.4624995352006431,0.0277565173480821,0,0.7625,0.1002,0.0562,-2.1551,0.009,1.1322760907504819,0.02934880474275885,0.16872243733968595,-2.1714122703299354,0.3218823465095718,0.7647283899344868
TCGA-13-1511,0.0,0.0,0,sensitive,,,54.2,1,0,IV,,,-0.0103824527132251,,0,-0.7936,-0.9782,0.3243,0.023,0.4124,-0.41311440333389277,-1.0849898729574978,0.4760266755835246,0.32887710561094946,0.7366668259025118,-0.12285757608326073
TCGA-13-2060,0.7022349238395691,0.1842105263157894,38,sensitive,,,77.83,0,1,IV,,,0.0185042143800524,0.0184798664168307,0,-0.478,-0.4558,0.2932,-0.2185,-0.8855,-0.09968644887529197,-0.5451804096501776,0.4403789254552763,0.05165389074949971,-0.5978616218022399,-0.17080068912438656
